page,question,visual,before,before_status,after,after_status,matched_before,matched_after,reader_after,confidence_after
1,1,ج,ج,clear,ج,clear,True,True,blue-row,0.99
1,2,أ,أ,clear,أ,clear,True,True,blue-row,0.99
1,3,د,د,clear,د,clear,True,True,blue-row,0.99
1,4,ب,ب,clear,ب,clear,True,True,blue-row,0.99
1,5,د,د,clear,د,clear,True,True,blue-row,0.99
1,6,د,د,clear,د,clear,True,True,blue-row,0.99
1,7,أ,أ,clear,أ,clear,True,True,blue-row,0.99
1,8,ج,ج,clear,ج,clear,True,True,blue-row,0.99
1,9,ج,ج,clear,ج,clear,True,True,blue-row,0.99
1,10,ب,ب,clear,ب,clear,True,True,blue-row,0.99
1,11,ج,ج,clear,ج,clear,True,True,blue-row,0.99
1,12,ب,ب,clear,ب,clear,True,True,blue-row,0.99
1,13,ج,ج,clear,ج,clear,True,True,blue-row,0.99
1,14,ج,ج,clear,ج,clear,True,True,blue-row,0.99
1,15,ج,ج,clear,ج,clear,True,True,blue-row,0.99
1,16,أ,أ,clear,أ,clear,True,True,blue-row,0.99
1,17,ب,ب,clear,ب,clear,True,True,blue-row,0.99
1,18,ج,ج,clear,ج,clear,True,True,blue-row,0.99
1,19,أ,أ,clear,أ,clear,True,True,blue-row,0.99
1,20,ب,ب,clear,ب,clear,True,True,blue-row,0.99
1,21,د,د,clear,د,clear,True,True,blue-row,0.99
1,22,أ,أ,clear,أ,clear,True,True,blue-row,0.99
1,23,أ,أ,clear,أ,clear,True,True,blue-row,0.99
1,24,د,د,clear,د,clear,True,True,blue-row,0.99
1,25,أ,أ,clear,أ,clear,True,True,blue-row,0.99
1,26,ج,ج,clear,ج,clear,True,True,blue-row,0.99
1,27,ج,ج,clear,ج,clear,True,True,blue-row,0.99
1,28,د,د,clear,د,clear,True,True,blue-row,0.99
1,29,ج,ج,clear,ج,clear,True,True,blue-row,0.99
1,30,ب,ب,clear,ب,clear,True,True,blue-row,0.99
1,31,أ,أ,clear,أ,clear,True,True,blue-row,0.99
1,32,ب,ب,clear,ب,clear,True,True,blue-row,0.99
1,33,ج,ج,clear,ج,clear,True,True,blue-row,0.99
1,34,ب,ب,clear,ب,clear,True,True,blue-row,0.99
1,35,د,د,clear,د,clear,True,True,blue-row,0.99
1,36,ج,ج,clear,ج,clear,True,True,blue-row,0.99
1,37,ج,ج,clear,ج,clear,True,True,blue-row,0.99
1,38,ج,ج,clear,ج,clear,True,True,blue-row,0.99
1,39,ب,ب,clear,ب,clear,True,True,blue-row,0.99
1,40,د,د,clear,د,clear,True,True,blue-row,0.99
1,41,أ,أ,clear,أ,clear,True,True,blue-row,0.99
1,42,ج,ج,clear,ج,clear,True,True,blue-row,0.99
1,43,د,د,clear,د,clear,True,True,blue-row,0.99
1,44,ج,ج,clear,ج,clear,True,True,blue-row,0.99
1,45,أ,أ,clear,أ,clear,True,True,blue-row,0.99
1,46,ج,ج,clear,ج,clear,True,True,blue-row,0.99
1,47,أ,أ,clear,أ,clear,True,True,blue-row,0.99
1,48,ب,ب,clear,ب,clear,True,True,blue-row,0.99
1,49,ب,ب,clear,ب,clear,True,True,blue-row,0.99
1,50,ج,ج,clear,ج,clear,True,True,blue-row,0.99
1,51,أ,أ,clear,أ,clear,True,True,blue-row,0.99
1,52,د,د,clear,د,clear,True,True,blue-row,0.99
1,53,ب,ب,clear,ب,clear,True,True,blue-row,0.99
1,54,ب,ب,clear,ب,clear,True,True,blue-row,0.99
1,55,أ,أ,clear,أ,clear,True,True,blue-row,0.99
1,56,د,د,clear,د,clear,True,True,blue-row,0.99
1,57,د,د,clear,د,clear,True,True,blue-row,0.99
1,58,ج,ج,clear,ج,clear,True,True,blue-row,0.99
1,59,أ,أ,clear,أ,clear,True,True,blue-row,0.99
1,60,ب,ب,clear,ب,clear,True,True,blue-row,0.99
2,1,أ,أ,clear,أ,clear,True,True,dark-row,0.99
2,2,د,د,clear,د,clear,True,True,dark-row,0.99
2,3,أ,أ,clear,أ,clear,True,True,dark-row,0.99
2,4,ج,ج,clear,ج,clear,True,True,dark-row,0.99
2,5,ب,ب,clear,ب,clear,True,True,dark-row,0.99
2,6,ب,ب,clear,ب,clear,True,True,dark-row,0.99
2,7,ج,ج,clear,ج,clear,True,True,dark-row,0.99
2,8,أ,أ,clear,أ,clear,True,True,dark-row,0.99
2,9,ب,ب,clear,ب,clear,True,True,dark-row,0.99
2,10,د,د,clear,د,clear,True,True,dark-row,0.99
2,11,أ,أ,clear,أ,clear,True,True,dark-row,0.99
2,12,د,د,clear,د,clear,True,True,dark-row,0.99
2,13,أ,أ,clear,أ,clear,True,True,dark-row,0.99
2,14,د,د,clear,د,clear,True,True,dark-row,0.99
2,15,د,د,clear,د,clear,True,True,dark-row,0.99
2,16,ب,ب,clear,ب,clear,True,True,dark-row,0.99
2,17,أ,أ,clear,أ,clear,True,True,dark-row,0.99
2,18,أ,أ,clear,أ,clear,True,True,dark-row,0.99
2,19,د,د,clear,د,clear,True,True,dark-row,0.99
2,20,ب,ب,clear,ب,clear,True,True,dark-row,0.99
2,21,أ,أ,clear,أ,clear,True,True,dark-row,0.99
2,22,د,د,clear,د,clear,True,True,dark-row,0.99
2,23,أ,أ,clear,أ,clear,True,True,dark-row,0.99
2,24,ج,ج,clear,ج,clear,True,True,dark-row,0.99
2,25,د,د,clear,د,clear,True,True,dark-row,0.99
2,26,ب,ب,clear,ب,clear,True,True,dark-row,0.99
2,27,د,د,clear,د,clear,True,True,dark-row,0.99
2,28,ج,ج,clear,ج,clear,True,True,dark-row,0.99
2,29,ب,ب,clear,ب,clear,True,True,dark-row,0.99
2,30,أ,أ,clear,أ,clear,True,True,dark-row,0.99
2,31,ج,ج,clear,ج,clear,True,True,dark-row,0.99
2,32,د,د,clear,د,clear,True,True,dark-row,0.99
2,33,ج,ج,clear,ج,clear,True,True,dark-row,0.99
2,34,أ,أ,clear,أ,clear,True,True,dark-row,0.99
2,35,ج,ج,clear,ج,clear,True,True,dark-row,0.99
2,36,أ,أ,clear,أ,clear,True,True,dark-row,0.99
2,37,أ,أ,clear,أ,clear,True,True,dark-row,0.99
2,38,ج,ج,clear,ج,clear,True,True,dark-row,0.99
2,39,أ,أ,clear,أ,clear,True,True,dark-row,0.99
2,40,ب,ب,clear,ب,clear,True,True,dark-row,0.99
2,41,ب,ب,clear,ب,clear,True,True,dark-row,0.99
2,42,ب,ب,clear,ب,clear,True,True,dark-row,0.99
2,43,ب,ب,clear,ب,clear,True,True,dark-row,0.99
2,44,ج,ج,clear,ج,clear,True,True,dark-row,0.99
2,45,ب,ب,clear,ب,clear,True,True,dark-row,0.99
2,46,ب,ب,clear,ب,clear,True,True,dark-row,0.99
2,47,د,د,clear,د,clear,True,True,dark-row,0.99
2,48,أ,أ,clear,أ,clear,True,True,dark-row,0.99
2,49,أ,أ,clear,أ,clear,True,True,dark-row,0.99
2,50,أ,أ,clear,أ,clear,True,True,dark-row,0.99
2,51,أ,أ,clear,أ,clear,True,True,dark-row,0.99
2,52,ب,ب,clear,ب,clear,True,True,dark-row,0.99
2,53,ب,ب,clear,ب,clear,True,True,dark-row,0.99
2,54,أ,أ,clear,أ,clear,True,True,dark-row,0.99
2,55,د,د,clear,د,clear,True,True,dark-row,0.99
2,56,د,د,clear,د,clear,True,True,dark-row,0.99
2,57,أ,أ,clear,أ,clear,True,True,dark-row,0.99
2,58,ب,ب,clear,ب,clear,True,True,dark-row,0.99
2,59,ب,ب,clear,ب,clear,True,True,dark-row,0.99
2,60,ب,ب,clear,ب,clear,True,True,dark-row,0.99
3,1,ج,ج,clear,ج,clear,True,True,dark-row,0.99
3,2,ب,ب,clear,ب,clear,True,True,dark-row,0.99
3,3,أ,أ,clear,أ,clear,True,True,dark-row,0.99
3,4,ب,ب,clear,ب,clear,True,True,dark-row,0.99
3,5,أ,أ,clear,أ,clear,True,True,dark-row,0.99
3,6,أ,أ,clear,أ,clear,True,True,dark-row,0.99
3,7,د,د,clear,د,clear,True,True,dark-row,0.99
3,8,ج,ج,clear,ج,clear,True,True,dark-row,0.99
3,9,ب,ب,clear,ب,clear,True,True,dark-row,0.99
3,10,د,د,clear,د,clear,True,True,dark-row,0.99
3,11,أ,أ,clear,أ,clear,True,True,dark-row,0.99
3,12,ب,ب,clear,ب,clear,True,True,dark-row,0.99
3,13,ج,ج,clear,ج,clear,True,True,dark-row,0.99
3,14,ب,ب,clear,ب,clear,True,True,dark-row,0.99
3,15,أ,أ,clear,أ,clear,True,True,dark-row,0.99
3,16,ج,ج,clear,ج,clear,True,True,dark-row,0.99
3,17,أ,أ,clear,أ,clear,True,True,dark-row,0.99
3,18,ج,ج,clear,ج,clear,True,True,dark-row,0.99
3,19,ب,ب,clear,ب,clear,True,True,dark-row,0.99
3,20,ب,ب,clear,ب,clear,True,True,dark-row,0.99
3,21,ج,ج,clear,ج,clear,True,True,dark-row,0.99
3,22,ج,ج,clear,ج,clear,True,True,dark-row,0.99
3,23,أ,أ,clear,أ,clear,True,True,dark-row,0.99
3,24,ج,ج,clear,ج,clear,True,True,dark-row,0.99
3,25,ج,ج,clear,ج,clear,True,True,dark-row,0.99
3,26,ب,ب,clear,ب,clear,True,True,dark-row,0.99
3,27,ب,ب,clear,ب,clear,True,True,dark-row,0.99
3,28,ب,ب,clear,ب,clear,True,True,dark-row,0.99
3,29,ب,ب,clear,ب,clear,True,True,dark-row,0.99
3,30,ج,ج,clear,ج,clear,True,True,dark-row,0.99
3,31,ب,ب,clear,ب,clear,True,True,dark-row,0.99
3,32,ج,ج,clear,ج,clear,True,True,dark-row,0.99
3,33,ج,ج,clear,ج,clear,True,True,dark-row,0.99
3,34,د,د,clear,د,clear,True,True,dark-row,0.99
3,35,أ,أ,clear,أ,clear,True,True,dark-row,0.99
3,36,ب,ب,clear,ب,clear,True,True,dark-row,0.99
3,37,ب,ب,clear,ب,clear,True,True,dark-row,0.99
3,38,ب,ب,clear,ب,clear,True,True,dark-row,0.99
3,39,د,د,clear,د,clear,True,True,dark-row,0.99
3,40,أ,أ,clear,أ,clear,True,True,dark-row,0.99
3,41,د,د,clear,د,clear,True,True,dark-row,0.99
3,42,ب,ب,clear,ب,clear,True,True,dark-row,0.99
3,43,ج,ج,clear,ج,clear,True,True,dark-row,0.99
3,44,د,د,clear,د,clear,True,True,dark-row,0.99
3,45,د,د,clear,د,clear,True,True,dark-row,0.99
3,46,أ,أ,clear,أ,clear,True,True,dark-row,0.99
3,47,ج,ج,clear,ج,clear,True,True,dark-row,0.99
3,48,ب,ب,clear,ب,clear,True,True,dark-row,0.99
3,49,أ,أ,clear,أ,clear,True,True,dark-row,0.99
3,50,ب,ب,clear,ب,clear,True,True,dark-row,0.99
3,51,ب,ب,clear,ب,clear,True,True,dark-row,0.99
3,52,د,د,clear,د,clear,True,True,dark-row,0.99
3,53,أ,أ,clear,أ,clear,True,True,dark-row,0.99
3,54,ج,ج,clear,ج,clear,True,True,dark-row,0.99
3,55,ب,ب,clear,ب,clear,True,True,dark-row,0.99
3,56,أ,أ,clear,أ,clear,True,True,dark-row,0.99
3,57,ج,ج,clear,ج,clear,True,True,dark-row,0.99
3,58,د,د,clear,د,clear,True,True,dark-row,0.99
3,59,ج,ج,clear,ج,clear,True,True,dark-row,0.99
3,60,د,د,clear,د,clear,True,True,dark-row,0.99
4,1,ب,ب,clear,ب,clear,True,True,dark-row,0.99
4,2,د,د,clear,د,clear,True,True,dark-row,0.99
4,3,أ,أ,clear,أ,clear,True,True,dark-row,0.99
4,4,ب,ب,clear,ب,clear,True,True,dark-row,0.99
4,5,ب,ب,clear,ب,clear,True,True,dark-row,0.99
4,6,أ,أ,clear,أ,clear,True,True,dark-row,0.99
4,7,د,د,clear,د,clear,True,True,dark-row,0.99
4,8,د,د,clear,د,clear,True,True,dark-row,0.99
4,9,ب,ب,clear,ب,clear,True,True,dark-row,0.99
4,10,أ,أ,clear,أ,clear,True,True,dark-row,0.99
4,11,أ,أ,clear,أ,clear,True,True,dark-row,0.99
4,12,ج,ج,clear,ج,clear,True,True,dark-row,0.99
4,13,ج,ج,clear,ج,clear,True,True,dark-row,0.99
4,14,ب,ب,clear,ب,clear,True,True,dark-row,0.99
4,15,أ,أ,clear,أ,clear,True,True,dark-row,0.99
4,16,د,د,clear,د,clear,True,True,dark-row,0.99
4,17,د,د,clear,د,clear,True,True,dark-row,0.99
4,18,أ,أ,clear,أ,clear,True,True,dark-row,0.99
4,19,د,د,clear,د,clear,True,True,dark-row,0.99
4,20,أ,أ,clear,أ,clear,True,True,dark-row,0.99
4,21,أ,أ,clear,أ,clear,True,True,dark-row,0.99
4,22,ب,ب,clear,ب,clear,True,True,dark-row,0.99
4,23,ب,ب,clear,ب,clear,True,True,dark-row,0.99
4,24,ب,ب,clear,ب,clear,True,True,dark-row,0.99
4,25,ب,ب,clear,ب,clear,True,True,dark-row,0.99
4,26,د,د,clear,د,clear,True,True,dark-row,0.99
4,27,ب,ب,clear,ب,clear,True,True,dark-row,0.99
4,28,أ,أ,clear,أ,clear,True,True,dark-row,0.99
4,29,أ,أ,clear,أ,clear,True,True,dark-row,0.99
4,30,ب,ب,clear,ب,clear,True,True,dark-row,0.99
4,31,د,د,clear,د,clear,True,True,dark-row,0.99
4,32,أ,أ,clear,أ,clear,True,True,dark-row,0.99
4,33,ج,ج,clear,ج,clear,True,True,dark-row,0.99
4,34,أ,أ,clear,أ,clear,True,True,dark-row,0.99
4,35,د,د,clear,د,clear,True,True,dark-row,0.99
4,36,أ,أ,clear,أ,clear,True,True,dark-row,0.99
4,37,أ,أ,clear,أ,clear,True,True,dark-row,0.99
4,38,د,د,clear,د,clear,True,True,dark-row,0.99
4,39,ب,ب,clear,ب,clear,True,True,dark-row,0.99
4,40,ب,ب,clear,ب,clear,True,True,dark-row,0.99
4,41,أ,أ,clear,أ,clear,True,True,dark-row,0.99
4,42,ج,ج,clear,ج,clear,True,True,dark-row,0.99
4,43,ب,ب,clear,ب,clear,True,True,dark-row,0.99
4,44,د,د,clear,د,clear,True,True,dark-row,0.99
4,45,أ,أ,clear,أ,clear,True,True,dark-row,0.99
4,46,ج,ج,clear,ج,clear,True,True,dark-row,0.99
4,47,د,د,clear,د,clear,True,True,dark-row,0.99
4,48,ب,ب,clear,ب,clear,True,True,dark-row,0.99
4,49,أ,أ,clear,أ,clear,True,True,dark-row,0.99
4,50,ب,ب,clear,ب,clear,True,True,dark-row,0.99
4,51,أ,أ,clear,أ,clear,True,True,dark-row,0.99
4,52,أ,أ,clear,أ,clear,True,True,dark-row,0.99
4,53,د,د,clear,د,clear,True,True,dark-row,0.99
4,54,د,د,clear,د,clear,True,True,dark-row,0.99
4,55,ج,ج,clear,ج,clear,True,True,dark-row,0.99
4,56,ب,ب,clear,ب,clear,True,True,dark-row,0.99
4,57,أ,أ,clear,أ,clear,True,True,dark-row,0.99
4,58,ج,ج,clear,ج,clear,True,True,dark-row,0.99
4,59,ب,ب,clear,ب,clear,True,True,dark-row,0.99
4,60,أ,أ,clear,أ,clear,True,True,dark-row,0.99
5,1,ب,ب,clear,ب,clear,True,True,dark-row,0.99
5,2,د,د,clear,د,clear,True,True,dark-row,0.99
5,3,أ,أ,clear,أ,clear,True,True,dark-row,0.99
5,4,ب,ب,clear,ب,clear,True,True,dark-row,0.99
5,5,ج,ج,clear,ج,clear,True,True,dark-row,0.99
5,6,ب,ب,clear,ب,clear,True,True,dark-row,0.99
5,7,د,د,clear,د,clear,True,True,dark-row,0.99
5,8,د,د,clear,د,clear,True,True,dark-row,0.99
5,9,ب,ب,clear,ب,clear,True,True,dark-row,0.99
5,10,ج,ج,clear,ج,clear,True,True,dark-row,0.99
5,11,أ,أ,clear,أ,clear,True,True,dark-row,0.99
5,12,ج,ج,clear,ج,clear,True,True,dark-row,0.99
5,13,د,د,clear,د,clear,True,True,dark-row,0.99
5,14,ب,ب,clear,ب,clear,True,True,dark-row,0.99
5,15,أ,أ,clear,أ,clear,True,True,dark-row,0.99
5,16,ب,ب,clear,ب,clear,True,True,dark-row,0.99
5,17,د,د,clear,د,clear,True,True,dark-row,0.99
5,18,د,د,clear,د,clear,True,True,dark-row,0.99
5,19,ب,ب,clear,ب,clear,True,True,dark-row,0.99
5,20,أ,أ,clear,أ,clear,True,True,dark-row,0.99
5,21,ب,ب,clear,ب,clear,True,True,dark-row,0.99
5,22,د,د,clear,د,clear,True,True,dark-row,0.99
5,23,ب,ب,clear,ب,clear,True,True,dark-row,0.99
5,24,أ,أ,clear,أ,clear,True,True,dark-row,0.99
5,25,أ,أ,clear,أ,clear,True,True,dark-row,0.99
5,26,ب,ب,clear,ب,clear,True,True,dark-row,0.99
5,27,ج,ج,clear,ج,clear,True,True,dark-row,0.99
5,28,ج,ج,clear,ج,clear,True,True,dark-row,0.99
5,29,د,د,clear,د,clear,True,True,dark-row,0.99
5,30,ج,ج,clear,ج,clear,True,True,dark-row,0.99
5,31,أ,أ,clear,أ,clear,True,True,dark-row,0.99
5,32,أ,أ,clear,أ,clear,True,True,dark-row,0.99
5,33,ب,ب,clear,ب,clear,True,True,dark-row,0.99
5,34,أ,أ,clear,أ,clear,True,True,dark-row,0.99
5,35,ب,ب,clear,ب,clear,True,True,dark-row,0.99
5,36,أ,أ,clear,أ,clear,True,True,dark-row,0.99
5,37,أ,أ,clear,أ,clear,True,True,dark-row,0.99
5,38,د,د,clear,د,clear,True,True,dark-row,0.99
5,39,أ,أ,clear,أ,clear,True,True,dark-row,0.99
5,40,ب,ب,clear,ب,clear,True,True,dark-row,0.99
5,41,أ,أ,clear,أ,clear,True,True,dark-row,0.99
5,42,د,د,clear,د,clear,True,True,dark-row,0.99
5,43,ب,ب,clear,ب,clear,True,True,dark-row,0.99
5,44,ج,ج,clear,ج,clear,True,True,dark-row,0.99
5,45,ب,ب,clear,ب,clear,True,True,dark-row,0.99
5,46,ب,ب,clear,ب,clear,True,True,dark-row,0.99
5,47,د,د,clear,د,clear,True,True,dark-row,0.99
5,48,ب,ب,clear,ب,clear,True,True,dark-row,0.99
5,49,أ,أ,clear,أ,clear,True,True,dark-row,0.99
5,50,ب,ب,clear,ب,clear,True,True,dark-row,0.99
5,51,د,د,clear,د,clear,True,True,dark-row,0.99
5,52,ج,ج,clear,ج,clear,True,True,dark-row,0.99
5,53,ب,ب,clear,ب,clear,True,True,dark-row,0.99
5,54,أ,أ,clear,أ,clear,True,True,dark-row,0.99
5,55,أ,أ,clear,أ,clear,True,True,dark-row,0.99
5,56,د,د,clear,د,clear,True,True,dark-row,0.99
5,57,ج,ج,clear,ج,clear,True,True,dark-row,0.99
5,58,ب,ب,clear,ب,clear,True,True,dark-row,0.99
5,59,د,د,clear,د,clear,True,True,dark-row,0.99
5,60,ب,ب,clear,ب,clear,True,True,dark-row,0.99
6,1,ب,ب,clear,ب,clear,True,True,dark-row,0.99
6,2,د,د,clear,د,clear,True,True,dark-row,0.99
6,3,أ,أ,clear,أ,clear,True,True,dark-row,0.99
6,4,ج,ج,clear,ج,clear,True,True,dark-row,0.99
6,5,ب,ب,clear,ب,clear,True,True,dark-row,0.99
6,6,ج,ج,clear,ج,clear,True,True,dark-row,0.99
6,7,د,د,clear,د,clear,True,True,dark-row,0.99
6,8,د,د,clear,د,clear,True,True,dark-row,0.99
6,9,د,د,clear,د,clear,True,True,dark-row,0.99
6,10,د,د,clear,د,clear,True,True,dark-row,0.99
6,11,أ,أ,clear,أ,clear,True,True,dark-row,0.99
6,12,د,د,clear,د,clear,True,True,dark-row,0.99
6,13,أ,أ,clear,أ,clear,True,True,dark-row,0.99
6,14,د,د,clear,د,clear,True,True,dark-row,0.99
6,15,أ,أ,clear,أ,clear,True,True,dark-row,0.99
6,16,ب,ب,clear,ب,clear,True,True,dark-row,0.99
6,17,ب,ب,clear,ب,clear,True,True,dark-row,0.99
6,18,ج,ج,clear,ج,clear,True,True,dark-row,0.99
6,19,ب,ب,clear,ب,clear,True,True,dark-row,0.99
6,20,ب,ب,clear,ب,clear,True,True,dark-row,0.99
6,21,ج,ج,clear,ج,clear,True,True,dark-row,0.99
6,22,ب,ب,clear,ب,clear,True,True,dark-row,0.99
6,23,أ,أ,clear,أ,clear,True,True,dark-row,0.99
6,24,أ,أ,clear,أ,clear,True,True,dark-row,0.99
6,25,ب,ب,clear,ب,clear,True,True,dark-row,0.99
6,26,د,د,clear,د,clear,True,True,dark-row,0.99
6,27,ج,ج,clear,ج,clear,True,True,dark-row,0.99
6,28,ج,ج,clear,ج,clear,True,True,dark-row,0.99
6,29,د,د,clear,د,clear,True,True,dark-row,0.99
6,30,ج,ج,clear,ج,clear,True,True,dark-row,0.99
6,31,أ,أ,clear,أ,clear,True,True,dark-row,0.99
6,32,أ,أ,clear,أ,clear,True,True,dark-row,0.99
6,33,ج,ج,clear,ج,clear,True,True,dark-row,0.99
6,34,أ,أ,clear,أ,clear,True,True,dark-row,0.99
6,35,ج,ج,clear,ج,clear,True,True,dark-row,0.99
6,36,أ,أ,clear,أ,clear,True,True,dark-row,0.99
6,37,أ,أ,clear,أ,clear,True,True,dark-row,0.99
6,38,د,د,clear,د,clear,True,True,dark-row,0.99
6,39,أ,أ,clear,أ,clear,True,True,dark-row,0.99
6,40,ب,ب,clear,ب,clear,True,True,dark-row,0.99
6,41,أ,أ,clear,أ,clear,True,True,dark-row,0.99
6,42,د,د,clear,د,clear,True,True,dark-row,0.99
6,43,ب,ب,clear,ب,clear,True,True,dark-row,0.99
6,44,ج,ج,clear,ج,clear,True,True,dark-row,0.99
6,45,ب,ب,clear,ب,clear,True,True,dark-row,0.99
6,46,ب,ب,clear,ب,clear,True,True,dark-row,0.99
6,47,د,د,clear,د,clear,True,True,dark-row,0.99
6,48,ب,ب,clear,ب,clear,True,True,dark-row,0.99
6,49,أ,أ,clear,أ,clear,True,True,dark-row,0.99
6,50,ب,ب,clear,ب,clear,True,True,dark-row,0.99
6,51,د,د,clear,د,clear,True,True,dark-row,0.99
6,52,ج,ج,clear,ج,clear,True,True,dark-row,0.99
6,53,ب,ب,clear,ب,clear,True,True,dark-row,0.99
6,54,أ,أ,clear,أ,clear,True,True,dark-row,0.99
6,55,أ,أ,clear,أ,clear,True,True,dark-row,0.99
6,56,د,د,clear,د,clear,True,True,dark-row,0.99
6,57,ج,ج,clear,ج,clear,True,True,dark-row,0.99
6,58,ب,ب,clear,ب,clear,True,True,dark-row,0.99
6,59,د,د,clear,د,clear,True,True,dark-row,0.99
6,60,ب,ب,clear,ب,clear,True,True,dark-row,0.99
